{"cameraMode":{"drawMode":0,"name":"Shaded","section":"Shading Mode"},"sceneLighting":false,"audioPlay":false,"sceneViewState":{"showFog":true,"showMaterialUpdate":false,"showSkybox":true,"showFlares":true,"showImageEffects":true,"showParticleSystems":true},"in2DMode":false,"pivot":{"x":13.388912200927735,"y":5.483735084533691,"z":37.38014602661133},"rotation":{"x":0.15525774657726289,"y":0.0004085982800461352,"z":-0.00006277253123698756,"w":0.987873911857605},"size":18.685697555541993,"orthographic":false}