{"cameraMode":{"drawMode":0,"name":"Shaded","section":"Shading Mode"},"sceneLighting":false,"audioPlay":false,"sceneViewState":{"showFog":true,"showMaterialUpdate":false,"showSkybox":true,"showFlares":true,"showImageEffects":true,"showParticleSystems":true},"in2DMode":false,"pivot":{"x":19.02427864074707,"y":4.430705547332764,"z":22.812570571899415},"rotation":{"x":0.17956465482711793,"y":0.1560918241739273,"z":-0.02886953577399254,"w":0.9708545207977295},"size":18.598827362060548,"orthographic":false}