{"cameraMode":{"drawMode":0,"name":"Shaded","section":"Shading Mode"},"sceneLighting":true,"audioPlay":false,"sceneViewState":{"showFog":true,"showMaterialUpdate":true,"showSkybox":false,"showFlares":true,"showImageEffects":true,"showParticleSystems":true},"in2DMode":false,"pivot":{"x":2.8648037910461427,"y":-6.354053497314453,"z":-3.0798847675323488},"rotation":{"x":0.3846105635166168,"y":0.40652889013290408,"z":-0.19409210979938508,"w":0.8056905269622803},"size":40.60098648071289,"orthographic":false}