{"cameraMode":{"drawMode":0,"name":"Shaded","section":"Shading Mode"},"sceneLighting":false,"audioPlay":false,"sceneViewState":{"showFog":true,"showMaterialUpdate":false,"showSkybox":true,"showFlares":true,"showImageEffects":true,"showParticleSystems":true},"in2DMode":false,"pivot":{"x":4.594565391540527,"y":0.9293386936187744,"z":-0.11263847351074219},"rotation":{"x":0.3435860276222229,"y":-0.4838205873966217,"z":0.2142581045627594,"w":0.7758606672286987},"size":22.0,"orthographic":false}