{"cameraMode":{"drawMode":0,"name":"Shaded","section":"Shading Mode"},"sceneLighting":false,"audioPlay":false,"sceneViewState":{"showFog":true,"showMaterialUpdate":false,"showSkybox":true,"showFlares":true,"showImageEffects":true,"showParticleSystems":true},"in2DMode":false,"pivot":{"x":-0.36000531911849978,"y":1.935899257659912,"z":7.644172191619873},"rotation":{"x":-0.25670894980430605,"y":-0.22104236483573914,"z":0.0604592002928257,"w":-0.9389278292655945},"size":38.93285369873047,"orthographic":false}