{"cameraMode":{"drawMode":0,"name":"Shaded","section":"Shading Mode"},"sceneLighting":false,"audioPlay":false,"sceneViewState":{"showFog":true,"showMaterialUpdate":false,"showSkybox":true,"showFlares":true,"showImageEffects":true,"showParticleSystems":true},"in2DMode":false,"pivot":{"x":-0.01643359661102295,"y":0.4424375295639038,"z":-0.06002002954483032},"rotation":{"x":-0.1728890836238861,"y":0.7559641599655151,"z":-0.22098486125469209,"w":-0.5914331078529358},"size":6.473911762237549,"orthographic":false}