{"cameraMode":{"drawMode":0,"name":"Shaded","section":"Shading Mode"},"sceneLighting":true,"audioPlay":false,"sceneViewState":{"showFog":true,"showMaterialUpdate":true,"showSkybox":false,"showFlares":true,"showImageEffects":true,"showParticleSystems":true},"in2DMode":false,"pivot":{"x":-19.829164505004884,"y":12.622607231140137,"z":-3.991072654724121},"rotation":{"x":-0.20447854697704316,"y":-0.5833099484443665,"z":0.15484090149402619,"w":-0.7706894874572754},"size":11.737874031066895,"orthographic":false}