{"cameraMode":{"drawMode":0,"name":"Shaded","section":"Shading Mode"},"sceneLighting":false,"audioPlay":false,"sceneViewState":{"showFog":true,"showMaterialUpdate":false,"showSkybox":true,"showFlares":true,"showImageEffects":true,"showParticleSystems":true},"in2DMode":false,"pivot":{"x":-14.828149795532227,"y":14.523680686950684,"z":9.693190574645996},"rotation":{"x":0.3435860276222229,"y":-0.4838205873966217,"z":0.2142581045627594,"w":0.7758606672286987},"size":14.46902847290039,"orthographic":false}