{"cameraMode":{"drawMode":0,"name":"Shaded","section":"Shading Mode"},"sceneLighting":false,"audioPlay":false,"sceneViewState":{"showFog":true,"showMaterialUpdate":false,"showSkybox":true,"showFlares":true,"showImageEffects":true,"showParticleSystems":true},"in2DMode":false,"pivot":{"x":3.4967525005340578,"y":8.921895980834961,"z":6.299192905426025},"rotation":{"x":0.3846105635166168,"y":0.40652889013290408,"z":-0.19409209489822389,"w":0.8056905269622803},"size":7.102839469909668,"orthographic":false}