{"cameraMode":{"drawMode":0,"name":"Shaded","section":"Shading Mode"},"sceneLighting":false,"audioPlay":false,"sceneViewState":{"showFog":true,"showMaterialUpdate":false,"showSkybox":true,"showFlares":true,"showImageEffects":true,"showParticleSystems":true},"in2DMode":false,"pivot":{"x":-0.2800000011920929,"y":0.27399998903274538,"z":-3.1600000858306886},"rotation":{"x":0.3435860276222229,"y":-0.4838205873966217,"z":0.2142581045627594,"w":0.7758606672286987},"size":10.507832527160645,"orthographic":false}