{"cameraMode":{"drawMode":0,"name":"Shaded","section":"Shading Mode"},"sceneLighting":false,"audioPlay":false,"sceneViewState":{"showFog":true,"showMaterialUpdate":false,"showSkybox":true,"showFlares":true,"showImageEffects":true,"showParticleSystems":true},"in2DMode":false,"pivot":{"x":30.559104919433595,"y":21.096193313598634,"z":17.785696029663087},"rotation":{"x":-0.311353862285614,"y":0.5540129542350769,"z":-0.23448675870895387,"w":-0.7356252074241638},"size":-2.6923978328704836,"orthographic":false}