{"cameraMode":{"drawMode":0,"name":"Shaded","section":"Shading Mode"},"sceneLighting":false,"audioPlay":false,"sceneViewState":{"showFog":true,"showMaterialUpdate":false,"showSkybox":true,"showFlares":true,"showImageEffects":true,"showParticleSystems":true},"in2DMode":false,"pivot":{"x":-22.202999114990236,"y":2.672307014465332,"z":4.138256072998047},"rotation":{"x":0.3435860276222229,"y":-0.4838205873966217,"z":0.2142581045627594,"w":0.7758606672286987},"size":1.9099618196487427,"orthographic":false}