{"cameraMode":{"drawMode":0,"name":"Shaded","section":"Shading Mode"},"sceneLighting":false,"audioPlay":false,"sceneViewState":{"showFog":true,"showMaterialUpdate":false,"showSkybox":true,"showFlares":true,"showImageEffects":true,"showParticleSystems":true},"in2DMode":false,"pivot":{"x":14.865995407104493,"y":2.905951976776123,"z":9.123990058898926},"rotation":{"x":-0.17994491755962373,"y":-0.8080516457557678,"z":0.46630188822746279,"w":-0.31182506680488589},"size":17.932783126831056,"orthographic":false}