{"cameraMode":{"drawMode":0,"name":"Shaded","section":"Shading Mode"},"sceneLighting":false,"audioPlay":false,"sceneViewState":{"showFog":true,"showMaterialUpdate":false,"showSkybox":true,"showFlares":true,"showImageEffects":true,"showParticleSystems":true},"in2DMode":false,"pivot":{"x":16.030122756958009,"y":19.621381759643556,"z":-3.381667137145996},"rotation":{"x":0.3846105635166168,"y":0.40652889013290408,"z":-0.19409209489822389,"w":0.8056905269622803},"size":1.301527738571167,"orthographic":false}