{"cameraMode":{"drawMode":0,"name":"Shaded","section":"Shading Mode"},"sceneLighting":false,"audioPlay":false,"sceneViewState":{"showFog":true,"showMaterialUpdate":false,"showSkybox":true,"showFlares":true,"showImageEffects":true,"showParticleSystems":true},"in2DMode":false,"pivot":{"x":-0.031240925192832948,"y":0.09309549629688263,"z":2.2351741790771486e-8},"rotation":{"x":-0.20666274428367616,"y":0.5250321626663208,"z":-0.13316702842712403,"w":-0.8147995471954346},"size":0.5062077641487122,"orthographic":false}