{"cameraMode":{"drawMode":0,"name":"Shaded","section":"Shading Mode"},"sceneLighting":false,"audioPlay":false,"sceneViewState":{"showFog":true,"showMaterialUpdate":false,"showSkybox":true,"showFlares":true,"showImageEffects":true,"showParticleSystems":true},"in2DMode":false,"pivot":{"x":14.604032516479493,"y":4.096803665161133,"z":14.07155990600586},"rotation":{"x":0.17956465482711793,"y":0.1560918241739273,"z":-0.02886953577399254,"w":0.9708545207977295},"size":3.320859670639038,"orthographic":false}