{"cameraMode":{"drawMode":0,"name":"Shaded","section":"Shading Mode"},"sceneLighting":false,"audioPlay":false,"sceneViewState":{"showFog":true,"showMaterialUpdate":false,"showSkybox":true,"showFlares":true,"showImageEffects":true,"showParticleSystems":true},"in2DMode":false,"pivot":{"x":4.996270179748535,"y":1.4042208194732667,"z":5.182837009429932},"rotation":{"x":0.003990957513451576,"y":0.5026097893714905,"z":0.002320469357073307,"w":-0.8645011186599731},"size":3.361936330795288,"orthographic":false}