{"cameraMode":{"drawMode":0,"name":"Shaded","section":"Shading Mode"},"sceneLighting":false,"audioPlay":false,"sceneViewState":{"showFog":true,"showMaterialUpdate":false,"showSkybox":true,"showFlares":true,"showImageEffects":true,"showParticleSystems":true},"in2DMode":false,"pivot":{"x":-6.864838600158691,"y":7.3329997062683109,"z":9.012869834899903},"rotation":{"x":0.17956465482711793,"y":0.1560918241739273,"z":-0.02886953577399254,"w":0.9708545207977295},"size":6.3512983322143559,"orthographic":false}