{"cameraMode":{"drawMode":0,"name":"Shaded","section":"Shading Mode"},"sceneLighting":false,"audioPlay":false,"sceneViewState":{"showFog":true,"showMaterialUpdate":false,"showSkybox":true,"showFlares":true,"showImageEffects":true,"showParticleSystems":true},"in2DMode":false,"pivot":{"x":0.020213931798934938,"y":0.2907167077064514,"z":7.450580596923828e-8},"rotation":{"x":-0.08592032641172409,"y":0.9104060530662537,"z":-0.2401309460401535,"w":-0.32575419545173647},"size":486.48748779296877,"orthographic":false}